ID,Do_tuoi,Hon_nhan,So_huu_BDS,Thu_nhap,Rui_ro_tin_dung
1,25,Doc than,O cung bo me,7000000,0
2,40,Da ket hon,Nha so huu,18000000,0
3,35,Tung ly hon,Nha thue,12000000,1
4,27,Da ket hon,O cung bo me,9000000,1
5,31,Doc than,Nha thue,6000000,1
6,36,Da ket hon,Nha so huu,8000000,1
7,48,Doc than,Nha thue,7000000,0
8,26,Da ket hon,Nha thue,8000000,1
9,33,Tung ly hon,O cung bo me,5000000,1
10,29,Doc than,Nha thue,10000000,0
11,38,Da ket hon,Nha so huu,15000000,0
12,44,Doc than,Nha so huu,14000000,1
13,42,Da ket hon,Nha so huu,10000000,0
14,28,Doc than,Nha thue,7000000,1
15,30,Da ket hon,O cung bo me,6000000,1
